s in [cm],g in [m/s^2]
40,9.246211115
45,9.302968469
50,9.350565633
55,9.431393054
60,9.436562608
65,9.455584968
70,9.480689296
75,9.509390641
80,9.539081077
85,9.544449345
90,9.573081473
